{"dxbrj": {"gene": "RTYLVTKHPTVAMFSERTIAAAAGL", "score": 11.29210217002942, "dist_mean": 15.436546614473864, "aff_mean": -5.144444444444445, "ham": 1}}{"sqzfg": {"gene": "RTYLVTKHPTVALFSERTGAAAAGL", "score": 12.824933100025863, "dist_mean": 17.758266433359196, "aff_mean": -5.933333333333334, "ham": 1}}{"lwzvi": {"gene": "RTYLVVKHPTVALFSERTIAAAAGL", "score": 19.72744779872848, "dist_mean": 23.6496700209507, "aff_mean": -4.922222222222222, "ham": 1}}{"tcpyf": {"gene": "RTYLVTKHPTDALFSERTIAAAAGL", "score": 22.427178690782327, "dist_mean": 26.24940091300455, "aff_mean": -4.822222222222222, "ham": 1}}{"fbbom": {"gene": "RTYLVTKHPTVALFSERTGAAAAGL", "score": 9.896796832631676, "dist_mean": 15.482511118345963, "aff_mean": -6.585714285714286, "ham": 1}}{"wxeai": {"gene": "RTYLVTKHPTVALFSERTGAAAAGL", "score": 9.711886783912778, "dist_mean": 15.883315355341349, "aff_mean": -7.171428571428571, "ham": 1}}{"lhxea": {"gene": "RTYLVTKHPTVAMFSERTIAAAAGL", "score": 17.387556684868954, "dist_mean": 21.037556684868953, "aff_mean": -4.65, "ham": 1}}{"ktohx": {"gene": "RTYLVTKHPTVALFSERTGAAAAGL", "score": 7.478094934153792, "dist_mean": 13.26698382304268, "aff_mean": -6.788888888888889, "ham": 1}}{"yopkc": {"gene": "RTYLVTKHPTVALFSERTGAAAAGL", "score": 8.63295172939395, "dist_mean": 12.977396173838395, "aff_mean": -5.344444444444445, "ham": 1}}{"vduih": {"gene": "RTYLVTKHPTVALFSERTGAAAAGL", "score": 9.641249600321498, "dist_mean": 15.641249600321498, "aff_mean": -7.0, "ham": 1}}{"xwidr": {"gene": "RTYLVTKHPTVALFSERTGAAAAGL", "score": 12.228831063816859, "dist_mean": 16.46633106381686, "aff_mean": -5.2375, "ham": 1}}{"lfsil": {"gene": "RTYLVTKHPTVALFSERTGAAAAGL", "score": 23.765698592580776, "dist_mean": 27.41014303702522, "aff_mean": -4.644444444444444, "ham": 1}}