gene,score,dist_mean,aff_mean,uid
RTYLVTCHPTVALFSERTIAAAAGL,-6.055555555555555,"[13.35505767 13.40086721 13.44887643 13.44887643 13.46540573 13.46540573
 13.48221285 13.49930728 13.55241711]",15.257165201329347,hhbdz
RTYLVTKHPTVALFSERTIAAAAGS,-5.677777777777778,"[20.77328262 20.78903098 20.82129184 20.82129184 20.88911444 20.94318166
 21.00034007 21.00034007 21.0403454 ]",22.62958061009622,rzqaa
RTYLVTKHPTVALFSCRTIAAAAGL,-7.599999999999999,[7.39764189 7.44526994 7.48254133 7.54792409 7.60349394 7.67760191],9.549404091187268,morsk
