gene,score,dist_mean,aff_mean,uid
RTYLVTKHPTVATFSERTIAAAAGL,"(array([16.98398878, 17.03124166, 17.04750218, 17.15104286, 17.169392  ,
       17.20713233, 17.26655575, 17.46949659, 17.54745813]), 18.85579095463115, -5.277777777777778)",18.85579095463115,-5.277777777777778,nlbmn
RTYLVTKHPTVALFSRRTIAAAAGL,"(array([14.86489392, 14.91070346, 14.92645182, 14.92645182, 14.94245216,
       14.95871268, 14.95871268, 14.95871268, 15.11834282]), 16.76700144943884, -6.155555555555556)",16.76700144943884,-6.155555555555556,twgnc
