gene,score,dist_mean,aff_mean,uid
RTYLVTKHPTVASFSERTIAAAAGL,"(array([19.75534806, 19.78709675, 19.80335728, 19.8366937 , 20.04303013,
       20.08558974, 20.13004151, 20.20065907, 20.25066949]), 21.611646046731714, -5.155555555555555)",21.611646046731714,-5.155555555555555,xtwmr
RTYLVTKHPTVALFSERTIARAAGL,"(array([20.7590057 , 20.80412613, 20.90097596, 20.95316171, 20.97118022,
       21.04668777, 21.21731328, 21.24084378, 21.28963395]), 22.675928307352223, -5.322222222222223)",22.675928307352223,-5.322222222222223,fcmpf
