gene,score,dist_mean,aff_mean,ham,uid
RTYLVTKHPTVALFSERTIAPAAGL,-6.45,10.429893457556107,12.438107489947575,1,unjga
RTYLVTKHPTVALFSERTIAALAGL,-4.588888888888889,14.392168056993144,16.112948556762618,1,rddun
STYLVTKHPTVALFSERTIAAAAGL,-4.722222222222222,19.402813579636273,21.147170809969744,1,cckuh
RTYLVTKHVTVALFSERTIAAAAGL,-4.588888888888889,21.17390269686748,22.894683196636954,1,vmvdf
