gene,score,dist_mean,aff_mean,uid
RTYLVTKHPEVALFSERTIAAAAGL,"(array([16.38384936, 16.42765198, 16.47346152, 16.53800004, 16.57190159,
       16.58929333, 16.60699291, 16.62501142, 16.82568211]), 18.329759507414504, -5.911111111111111)",18.329759507414504,-5.911111111111111,aneqs
RTYLVTKHPTVALFSERLIAAAAGL,"(array([21.67749744, 21.67749744, 21.86938845, 21.86938845, 21.90860916,
       21.99199077, 22.15707052, 22.18304601, 22.18304601]), 23.51804707635234, -4.8999999999999995)",23.51804707635234,-4.8999999999999995,rpdju
RTYLVTKHPTVSLFSERTIAAAAGL,"(array([20.62047589, 20.63647623, 20.68607317, 20.73825893, 20.77462657,
       20.97942098, 21.05003855, 21.12602446, 21.12602446]), 22.461025525450726, -5.055555555555555)",22.461025525450726,-5.055555555555555,txubc
RTYLVTKHPTVALFVERTIAAAAGL,"(array([18.62184246, 18.66985168, 18.73767428, 18.81043363, 18.82948183,
       18.88890525, 18.90952453, 18.95208415, 18.95208415]), 20.478140452734106, -5.288888888888889)",20.478140452734106,-5.288888888888889,vuhnm
