gene,score,dist_mean,aff_mean,ham,uid
RTYLVTKHPTVAGFSERTIAAAAGL,-4.414285714285714,18.5183198866671,20.20736084970017,1,znhyi
RTYPVTKHPTVALFSERTIAAAAGL,-6.028571428571429,11.87426202433666,13.824245498779609,1,olmsl
RTYLVTKHPTVALFSERTIAIAAGL,-4.277777777777779,21.757224441451175,23.42072957515555,1,rzwoi
RTYLVTKHPMVALFSERTIAAAAGL,-4.4,20.508187055041212,22.19458600861144,1,rphmk
RTYPVTKHPTVALFSERTIAAAAGL,-6.125,13.499337047636521,15.462946773791236,1,aranj
RTYLVTKHPTVDGFSERTIAAAAGL,-3.311111111111112,13.588987473453587,15.258788535614778,2,djiqm
RTYLVTKHETVAGFSERTIAAAAGL,-3.677777777777778,13.319061175596612,15.055621095470052,2,mnbly
RTYLVTKHETVAGFSERTIAAAAGV,-2.0,23.582290387889014,25.191728300323113,3,znmiq
YTYLVTKHETVAGFSERTIAAAAGL,-2.311111111111112,20.459499063952723,22.129300126113915,3,poupc
YTYLVTKHETVAGFSERTIAAAAGW,-2.92,16.150857264298864,18.08527303392844,4,fheap
RTYLVTKHETGAGFSERTIAAAAGL,-3.675,16.264515727404476,18.16288493169079,3,lsbpv
YTYLVTKHETVALASERTIAAAAGL,-2.6000000000000005,19.674432814565453,21.397199412306556,3,mzvmw
RTYLVTKHETGAGFSERTIAAFAGW,-2.55,16.429517889535393,18.45106545279633,5,pfogp
RTYLVTKHETGAGFSERTIIAAAGW,-1.7166666666666677,19.026472832727194,20.931064832451778,5,fokii
STYLVTKHETVAGFSERTIAAAAGW,-2.2333333333333343,18.388214296515567,20.218125531707997,4,dozcz
RTYLVTKHETVAGFSERTIAAAAGW,-3.166666666666667,17.635188437090854,19.454346880507025,3,dhaqj
RTYLVTKHETGAGFSERTIAAFAGW,-0.2333333333333325,13.975792214626944,15.630840638313096,5,uyksi
RTYLVTKHETGAGFSERTIAAFIGW,1.0142857142857142,18.03681139834477,19.64338807849784,6,mugax
RTMLVTKHETGAGFSERTIAAFAGW,1.200000000000001,23.9349759118373,25.503591829751144,6,bmcuq
RTYLVTKHETGAGFSERTIAAFIGW,0.5888888888888886,14.218687540586634,15.907141993338959,6,uiaqh
