gene,score,dist_mean,aff_mean,ham,uid
RTYLVTKHPVVALFSERTIAAAAGL,-4.55,[10.68457338 10.69961126 10.95744037 11.25167984],12.586680905280387,1,pafwe
RTYLVTKHPTVELFSERTIAAAAGL,-4.457142857142857,"[18.42584725 18.56894809 18.81150973 18.83131236 18.87213435 18.87213435
 18.93667287]",20.440750269539674,1,wvsyy
RTYLVTKHPTVATFSERTIAAAAGL,-4.322222222222222,"[19.38066887 19.41192141 19.49461313 19.56607209 19.58476422 19.64303313
 19.66323584 19.7708665  19.79385602]",21.252471043826823,1,ucuel
RTYLVTKHPTVALFSERTISAAAGL,-4.333333333333333,"[19.86344803 19.89470057 19.94349074 19.99478403 20.146015   20.16663429
 20.1876877  20.2091939  20.23117281]",21.735250204321854,1,tzmmf
RTYIVTKHPVVALFSERTIAAAAGL,-3.5500000000000007,"[18.56147801 18.62119725 18.66845013 18.70123995 18.8443408  18.90376422
 18.94543691 19.10670506]",20.492999421978027,2,wkfpz
RTYLVTKHPVVALFSERTIAAAAGL,-5.6000000000000005,[16.16898561 16.19398691 16.28676864 16.52038349 16.55610158 16.61219104],18.26084966760661,1,tfpob
RTYIVTKHPVVALFSERTIAAAAGL,-3.0666666666666664,"[21.94514574 22.07867713 22.13373691 22.19200582 22.19200582 22.19200582
 22.21220852 22.27538743 22.46644266]",23.801443729537546,2,avlui
RTYLVTKHPVVALFSERTIAAAAGT,-4.555555555555556,"[15.71570841 15.87186914 15.9298564  15.94489428 15.94489428 15.97566594
 16.05701158 16.09149775 16.09149775]",17.831963927264514,2,ygney
RTYLVTKHPVVALFSERTIAAAAGT,-3.466666666666667,"[15.00549388 15.05061431 15.0661185  15.23601754 15.25470967 15.33318128
 15.33318128 15.35380057 15.48733196]",16.92241649010434,2,vwvhw
RTYSVTKHPVVALFSERTIAAAAGL,-4.055555555555555,"[11.70686903 11.70686903 11.72168412 11.78324201 11.78324201 11.90102505
 11.91904355 11.95608483 11.97513302]",13.623791645857645,2,tnker
RTTLVTKHPVVALFSERTIAAAAGT,-2.9444444444444446,"[19.23566533 19.2509328  19.26643698 19.3144462  19.34778262 19.36487706
 19.41798688 19.43633602 19.45502815]",21.12273497406801,3,adyum
RTTLVTKHPVVALFSERTIAAAAGL,-3.466666666666666,"[21.33011446 21.38895496 21.48426514 21.53555843 21.55325801 21.66658669
 21.7499683  21.79442007 21.81740958]",23.276024606882807,2,eqfkz
