gene,score,dist_mean,aff_mean,ham,uid
RRYLVTKHPTVALFSERTIAAAAGL,18.1617040636578,22.495037396991137,-5.333333333333334,1,nvazy
RTYLVTKHPTNALFSERTIAAAAGL,17.91064949630841,22.588427274086186,-5.677777777777778,1,ilgzw
RTYLVTKHPTVALFSERTIAAAAGR,17.31978170409366,21.834067418379373,-5.514285714285713,1,lvdmn
RTYLVTKHPTVALFSERTIALAAGL,21.81084024592021,25.82195135703132,-5.01111111111111,1,leigx
