{"erhhq": {"gene": "RTYLVTKPPTVALFSERTIAAAAGL", "score": 15.695550405648769, "dist_mean": 19.92055040564877, "aff_mean": -5.225, "ham": 1}}{"uutvc": {"gene": "RTYLVTKHPTVALFSERTISAAAGL", "score": 8.885693220868307, "dist_mean": 15.305693220868307, "aff_mean": -7.42, "ham": 1}}{"rhkoq": {"gene": "RTYLVTKHPTVALFSERTIAAMAGL", "score": 13.451828567541316, "dist_mean": 18.18516190087465, "aff_mean": -5.733333333333333, "ham": 1}}{"pacdp": {"gene": "RTYLVTKHPYVALFSERTIAAAAGL", "score": 21.144207926801894, "dist_mean": 25.144207926801894, "aff_mean": -5.0, "ham": 1}}{"ihewe": {"gene": "RTYLVWKHPTVALFSERTIAAAAGL", "score": 19.446775142626727, "dist_mean": 23.724552920404506, "aff_mean": -5.277777777777778, "ham": 1}}{"hzpbp": {"gene": "RTYLVTKHPTVALFSERTIAACAGL", "score": 12.067102564030879, "dist_mean": 16.022658119586435, "aff_mean": -4.955555555555556, "ham": 1}}{"gomfs": {"gene": "RTYLVTKHPTIALFSERTIAAAAGL", "score": 9.255647487891828, "dist_mean": 13.911203043447383, "aff_mean": -5.655555555555555, "ham": 1}}{"euopm": {"gene": "RTYWVTKHPTVALFSERTIAAAAGL", "score": 13.974532244493744, "dist_mean": 18.51897668893819, "aff_mean": -5.544444444444444, "ham": 1}}{"lbncj": {"gene": "RTYLVTKHPTVALFSERTIAAMAGL", "score": 18.26202500793022, "dist_mean": 22.40646945237466, "aff_mean": -5.144444444444444, "ham": 1}}{"bxdum": {"gene": "RTYLVTKHPTIALFSERTIAAAAGL", "score": 16.90343656185292, "dist_mean": 21.32343656185292, "aff_mean": -5.42, "ham": 1}}{"lurme": {"gene": "RTYLVTKHPTVALFSERTIAACAGL", "score": 16.54590771866795, "dist_mean": 21.017336290096523, "aff_mean": -5.471428571428571, "ham": 1}}{"gsoem": {"gene": "RTYLVTKHPTVALFSERTIAAMAGL", "score": 16.82733354109006, "dist_mean": 21.213047826804345, "aff_mean": -5.385714285714286, "ham": 1}}{"kcphg": {"gene": "RTYLVTKHPTIALFSERTIAAAAGL", "score": 17.778037837655376, "dist_mean": 22.315537837655377, "aff_mean": -5.5375, "ham": 1}}{"vbrxy": {"gene": "RTYLVTKHPTVALFSERTISAAAGL", "score": 8.30296305202019, "dist_mean": 13.49046305202019, "aff_mean": -6.1875, "ham": 1}}{"fbhoy": {"gene": "RTYLVTKHPTVALFSERTISAAAGL", "score": 11.308854447370075, "dist_mean": 14.986632225147853, "aff_mean": -4.677777777777777, "ham": 1}}{"uxqkm": {"gene": "RTYLVTKHPTIALFSERTIAAAAGL", "score": 14.498567103954167, "dist_mean": 18.943011548398612, "aff_mean": -5.444444444444445, "ham": 1}}{"znnzf": {"gene": "RTYLVTKHPTVALFSERTIAACAGL", "score": 11.64608774859747, "dist_mean": 17.58608774859747, "aff_mean": -6.94, "ham": 1}}{"kuqis": {"gene": "RTYLVTKHPTVALFSERTISAAAGL", "score": 1.7919744509274462, "dist_mean": 9.041974450927446, "aff_mean": -8.25, "ham": 1}}{"sxagk": {"gene": "RTYLVTKHPTVALFSERTISAAAGL", "score": 5.436009197380388, "dist_mean": 11.473509197380388, "aff_mean": -7.0375, "ham": 1}}{"orqdv": {"gene": "RTYLVTKHPTIALFSERTIAAAAGL", "score": 10.340113727501015, "dist_mean": 14.773447060834348, "aff_mean": -5.433333333333334, "ham": 1}}{"ibppl": {"gene": "RTYLVTKHPTVALFSERTISAAAGL", "score": 3.7127490291774796, "dist_mean": 10.14132045774891, "aff_mean": -7.42857142857143, "ham": 1}}{"usasp": {"gene": "RTYLVTKHPTVALFSERTISAAAGL", "score": 7.491566785124503, "dist_mean": 12.502677896235614, "aff_mean": -6.011111111111111, "ham": 1}}{"rpxxx": {"gene": "RTYLVTKHPTVALFSERTISAAAGL", "score": 20.27047008314746, "dist_mean": 24.337136749814125, "aff_mean": -5.066666666666666, "ham": 1}}{"wygka": {"gene": "RTYLVTKHPTIALFSERTIAAAAGL", "score": 18.45385018472284, "dist_mean": 23.120516851389507, "aff_mean": -5.666666666666667, "ham": 1}}