gene,score,dist_mean,aff_mean,ham,uid
RTYLVTKHPTVALFSERTIAAAAFL,-5.1,13.69738559063527,15.505674361814535,1,unglz
RTYLVTKHRTVALFSERTIAAAAGL,-4.566666666666666,11.901968402847839,13.61876483360244,1,ozuji
RTYLVTKHPTVALFSERTGAAAAGL,-5.2,16.10954414305343,17.934093435104476,1,qbcxn
RTYLVTKHPTVALFSERTIAKAAGL,-5.188888888888888,12.952342704213942,14.775098273810961,1,xutdk
RTYLVTKHPTVAWFSERTGAAAAGL,-5.314285714285715,7.733659686488215,9.723489069478363,2,palua
RTYLVTKHPRVALFSERTIAKAAGL,-3.2333333333333334,20.312653333125024,21.967701756811177,2,cjblq
RTYLVTKHPTAALFSERTIAKAAGL,-2.671428571428571,21.70207498002273,23.243539908870623,2,gzcry
RTYLVTKHPRVALFSERTIAKAAGL,-3.5666666666666664,18.42183648180334,20.138632912557938,2,sdwhz
RTYLVPKHPTVAWFSERTGAAAAGL,-2.355555555555556,17.762792376341967,19.4409268200623,3,vwqxd
RTYLVTKHPRVCLFSERTIAKAAGL,-2.9333333333333327,20.70850817048785,22.48909433911778,3,xikgw
RTYLVTKHPTVAWFSERTIAKAAGL,-3.3666666666666663,20.87337686931808,22.553583852640386,2,acqpt
RTYLVPKHPTVAWFSERTIAKAAGL,-1.9777777777777779,23.681625902294506,25.286609464379225,3,yfchr
