gene,score,dist_mean,aff_mean,ham,uid
RTYLVTKHPTVALFSERTLAAAAGL,2.080684278366153,8.53782713550901,-7.457142857142857,1,tyirj
RTYLVTKHPTVALFSERTRAAAAGL,15.063264860221679,19.718820415777234,-5.655555555555556,1,olijc
RTYLVTKHPTVALFSERTIAAAAGL,17.274136048391156,22.70746938172449,-5.433333333333334,0,svkdk
RTYLVTKHPTVAFFSERTIAAAAGL,18.800919509632593,23.40091950963259,-5.599999999999999,1,facwl
RTYLVTKHPRVALFSERTLAAAAGL,16.95064932852257,20.583982661855902,-5.633333333333334,2,xyyvw
RTYQVTKHPTVALFSERTLAAAAGL,16.579840801677594,20.13698365882045,-5.557142857142858,2,enslb
RTYLVTKHPTVALFSTRTRAAAAGL,14.012589917406352,18.37925658407302,-6.366666666666667,2,bafsh
RTYQVTKHPTVALFSERTLAAAAGL,19.178070052633743,23.178070052633743,-6.0,2,mghpu
RTYLVTMHPTVALFSTRTRAAAAGL,16.5091786188239,19.0491786188239,-5.54,3,sgtnc
RTYLITKHPTVALFSTRTRAAAAGL,14.986440586634199,16.643583443777057,-4.6571428571428575,3,siozh
RTYLITKHPRVALFSERTLAAAAHL,19.779420596681163,21.079420596681164,-5.299999999999999,4,qtufi
RTYLVTKHPRVALFSERTLAAAAHL,11.974619247524565,15.987119247524564,-7.012499999999999,3,bfnod
