gene,score,dist_mean,aff_mean,uid
RTYLDTKHPTVALFSERTIAAAAGL,"(array([12.4115837 , 12.43597515, 12.44839767, 12.46097646, 12.73607975,
       12.7699813 , 12.78737304, 12.84144026]), 14.527839214910465, -6.9)",14.527839214910465,-6.9,nlpwx
