gene,score,dist_mean,aff_mean,ham,uid
RTYLVTKHPTVALFSERTIAAAQGL,-5.4,"[12.56626815 12.59525568 12.62510865 12.62510865 12.62510865 12.64037612
 12.70388952 12.75432038 12.7894117 ]",14.512178296117225,1,ngswa
RTYLPTKHPTVALFSERTIAAAAGL,-4.033333333333333,"[10.97404246 10.98979082 11.0553881  11.26172453 11.30428415 11.32626306
 11.32626306 11.39525593 11.41935348]",12.830340452071505,1,hrluh
