gene,score,dist_mean,aff_mean,ham,uid
RTYLVTKHPTVALFSERTPAAAAGL,7.7038252779280105,14.223825277928011,-7.5200000000000005,1,umoqb
RTYLVTKHPTVAEFSERTIAAAAGL,14.339032984471931,19.061255206694153,-5.722222222222222,1,tstol
RTYLVTKHPPVALFSERTIAAAAGL,18.10456504982417,22.80456504982417,-5.699999999999999,1,mpixp
RTYLVGKHPTVALFSERTIAAAAGL,14.219996270178793,18.431107381289905,-5.211111111111112,1,gbtrx
