{"foqnh": {"gene": "RTYLVTKHDTVALFSERTIAAAAGL", "score": 2.0961242697247293, "dist_mean": 9.59612426972473, "aff_mean": -8.5, "ham": 1}}{"hgpmk": {"gene": "RTYLVTKHNTVALFSERTIAAAAGL", "score": 18.271712481896753, "dist_mean": 23.04949025967453, "aff_mean": -5.777777777777778, "ham": 1}}{"pqtne": {"gene": "RTYLVTKWPTVALFSERTIAAAAGL", "score": 16.796214523937522, "dist_mean": 21.362881190604188, "aff_mean": -5.566666666666666, "ham": 1}}{"kupsr": {"gene": "RTYLVTKHYTVALFSERTIAAAAGL", "score": 11.02104931380026, "dist_mean": 15.12104931380026, "aff_mean": -5.1, "ham": 1}}{"pmyds": {"gene": "RTYLVTKIPTVALFSERTIAAAAGL", "score": 16.627810448209747, "dist_mean": 21.72781044820975, "aff_mean": -6.1000000000000005, "ham": 1}}{"qmcfy": {"gene": "RTYLVTKHPTVALFSERTIADAAGL", "score": 18.344677870527235, "dist_mean": 22.511344537193903, "aff_mean": -5.166666666666667, "ham": 1}}{"foafi": {"gene": "RTYLVTKHPTVALFSERTIDAAAGL", "score": 8.242478665597393, "dist_mean": 13.40914533226406, "aff_mean": -6.166666666666667, "ham": 1}}{"miydc": {"gene": "RTYLVTKGPTVALFSERTIAAAAGL", "score": 17.727565809192836, "dist_mean": 22.138676920303947, "aff_mean": -5.4111111111111105, "ham": 1}}{"cpfkp": {"gene": "RTYLVTKHYTVALFSERTIAAAAGL", "score": 4.901057379331113, "dist_mean": 11.41772404599778, "aff_mean": -7.516666666666667, "ham": 1}}{"ouyxx": {"gene": "RTYLVTKIPTVALFSERTIAAAAGL", "score": 13.856185045462794, "dist_mean": 18.567296156573907, "aff_mean": -5.711111111111111, "ham": 1}}{"wllsm": {"gene": "RTYLVTKHPTVALFSERTIDAAAGL", "score": 8.850620165484811, "dist_mean": 13.506175721040366, "aff_mean": -5.655555555555555, "ham": 1}}{"wwjht": {"gene": "RTYLVTKHPTVALFSERTIDAAAGL", "score": 18.428871611830573, "dist_mean": 22.939982722941682, "aff_mean": -5.511111111111111, "ham": 1}}{"xgusx": {"gene": "RTYLVTKHPTVALFSERTIDAAAGL", "score": 15.229415250321598, "dist_mean": 19.929415250321597, "aff_mean": -5.7, "ham": 1}}{"xmzql": {"gene": "RTYLVTKIPTVALFSERTIAAAAGL", "score": 16.289803653310273, "dist_mean": 20.523136986643607, "aff_mean": -5.2333333333333325, "ham": 1}}{"nvdrq": {"gene": "RTYLVTKIPTVALFSERTIAAAAGL", "score": 8.838261651532948, "dist_mean": 13.227150540421837, "aff_mean": -5.388888888888889, "ham": 1}}{"xmrrh": {"gene": "RTYLVTKHYTVALFSERTIAAAAGL", "score": 17.412250852781973, "dist_mean": 22.29002863055975, "aff_mean": -5.877777777777776, "ham": 1}}{"fiejs": {"gene": "RTYLVTKHPTVALFSERTIDAAAGL", "score": 13.690380501594214, "dist_mean": 19.033237644451358, "aff_mean": -6.342857142857143, "ham": 1}}{"mxthl": {"gene": "RTYLVTKHPTVALFSERTIDAAAGL", "score": 4.9058594429209945, "dist_mean": 11.385859442920994, "aff_mean": -7.4799999999999995, "ham": 1}}{"ixpxt": {"gene": "RTYLVTKHPTVALFSERTIDAAAGL", "score": 6.054353387933264, "dist_mean": 12.254353387933262, "aff_mean": -7.199999999999998, "ham": 1}}{"iascd": {"gene": "RTYLVTKHPTVALFSERTIDAAAGL", "score": 15.520540988105125, "dist_mean": 19.36498543254957, "aff_mean": -4.844444444444445, "ham": 1}}{"vdbdp": {"gene": "RTYLVTKHPTVALFSERTIDAAAGL", "score": 15.560936101042945, "dist_mean": 20.3164916565985, "aff_mean": -5.755555555555556, "ham": 1}}{"ldwbx": {"gene": "RTYLVTKHPTVALFSERTIDAAAGL", "score": 8.449726848539118, "dist_mean": 12.694171292983564, "aff_mean": -5.2444444444444445, "ham": 1}}{"uiepq": {"gene": "RTYLVTKHPTVALFSERTIDAAAGL", "score": 14.57359638867008, "dist_mean": 19.5958186108923, "aff_mean": -6.022222222222222, "ham": 1}}{"jncxu": {"gene": "RTYLVTKHPTVALFSERTIDAAAGL", "score": 11.280318121347216, "dist_mean": 16.00254034356944, "aff_mean": -5.722222222222223, "ham": 1}}